,relative_day,up_rate,up_cat,company,1_day_sentiment_score,past_7_days_senti_avg,past_3_days_senti_avg,1_day_news_count,1_day_overall_sentiment_score,open,high,low,close,volume
0,1,0.0,0,amazon,0.1654101346251564,0.08557414004330621,0.05983878706080741,922,152.50814412439422,1465.2,1553.36,1460.93,1539.13,7983100
1,2,-0.025241532554105328,-1,amazon,0.1622829827727321,0.08860352808265645,0.1149754986025262,439,71.24222943722938,1520.01,1538.0,1497.11,1500.28,6975600
2,8,0.0,0,amazon,0.14115627336543163,0.04681330248541265,0.0,606,85.54070165945157,1652.98,1667.8,1641.4,1659.42,6348800
3,9,-0.0019283846163117508,0,amazon,0.11871949032991372,0.043348465162594815,0.047052091121810545,1535,182.23441765641755,1641.01,1663.25,1621.62,1656.22,6507700
4,14,0.035462308543726485,1,amazon,-0.08557815295184064,0.04594207338504933,0.02057291666666666,1143,-97.81582882395385,1632.0,1675.16,1626.01,1674.56,5998500
5,31,-0.053818808073403036,-2,amazon,0.19770673559379123,0.10805502312378047,0.13293578967762418,394,77.89645382395375,1638.88,1673.06,1622.01,1626.23,11506200
6,34,0.0,0,amazon,0.1895136221214786,0.11160922596827273,0.0659022451979304,1101,208.65449795574793,1623.0,1649.63,1613.5,1633.31,4929100
7,35,0.015612467933215373,1,amazon,0.13923488407482304,0.11228967524973463,0.0631712073738262,1066,148.42438642376135,1643.34,1665.26,1642.5,1658.81,4453100
8,36,-0.01118271532001854,-1,amazon,0.10230729530902948,0.11390356271575626,0.10958283539876722,1009,103.22806096681074,1670.75,1672.26,1633.34,1640.26,3939900
9,37,-0.015784083011229987,-1,amazon,0.10819717176195083,0.10950749052186948,0.1436852671684437,1289,139.46615440115463,1625.0,1625.54,1592.91,1614.37,4626600
10,38,-0.01619826929390404,-1,amazon,0.13392717813850655,0.10527995840872474,0.11657978371526778,1558,208.65854353979321,1586.0,1588.59,1566.76,1588.22,5657500
11,41,0.0,0,amazon,0.13189422415430824,0.09616859305796978,0.044642392712835516,1190,156.9541267436268,1600.98,1609.29,1586.0,1591.0,3317300
12,42,0.029547454431175357,1,amazon,0.17245622471142305,0.08793725049123116,0.04396474138476941,1034,178.31973635161143,1604.0,1639.4,1598.88,1638.01,4858600
13,43,0.0012148887979926918,0,amazon,0.1355737966648714,0.09268315629645973,0.10145014962191042,1168,158.3501945045698,1647.0,1656.38,1637.11,1640.0,3560300
14,44,-0.010579268292682872,-1,amazon,0.09473794624557072,0.09743551363300859,0.14664141517686755,3803,360.28840957190545,1624.5,1637.9,1606.06,1622.65,4120500
15,45,-0.00905925492250334,0,amazon,0.09442679002628426,0.09551276713066856,0.1342559892072884,3465,327.188827441075,1627.86,1628.91,1604.5,1607.95,4343900
16,49,0.0,0,amazon,0.12326013161155379,0.07102782252116421,0.0,1283,158.1427488576235,1601.0,1634.0,1600.56,1627.58,3681700
17,50,-0.003366961992651678,0,amazon,0.11413980077027885,0.06399980922118288,0.041086710537184594,1255,143.24544996669997,1630.0,1634.93,1610.12,1622.1,3337600
18,51,-0.0016398495777078198,0,amazon,0.13616982357371193,0.06093780980766967,0.07913331079394421,1138,154.96125922688418,1619.85,1623.56,1600.91,1619.44,3483400
19,52,0.007484068566911951,0,amazon,0.12575361134083665,0.06685664942597555,0.12452325198518154,1092,137.32294358419364,1623.5,1634.94,1621.17,1631.56,3096200
20,55,0.0,0,amazon,0.15430476032605922,0.07133190961376876,0.04191787044694555,895,138.102760491823,1641.45,1654.6,1630.39,1633.0,3184500
21,56,0.0020820575627679676,0,amazon,0.12554204671181907,0.09337544680320578,0.05143492010868641,966,121.27361712361723,1625.98,1639.99,1616.13,1636.4,2665800
22,57,0.0028660474211683125,0,amazon,0.1341776948420801,0.09370143467467225,0.0932822690126261,968,129.88400860713352,1628.18,1641.81,1615.1,1641.09,3148800
23,58,-0.0007677823885344441,0,amazon,0.13213896700957695,0.09656399097064385,0.13800816729331947,1082,142.97436230436224,1635.25,1651.77,1633.83,1639.83,3025900
24,59,0.019453236006171427,1,amazon,0.13580735428425283,0.09598815431862458,0.1306195695211587,790,107.28780988455975,1655.13,1674.26,1651.0,1671.73,4974900
25,62,0.0,0,amazon,0.12455653201918669,0.09742440331054117,0.04526911809475095,1040,129.53879329995416,1685.0,1709.43,1674.36,1696.17,6167400
26,63,-0.002204967662439501,0,amazon,0.12298436874353111,0.09317465640955937,0.041518844006395564,764,93.96005772005776,1702.95,1707.8,1689.01,1692.43,3681500
27,64,-0.013873542775772124,-1,amazon,0.1366656709407345,0.0928092738426611,0.08251363358757259,1182,161.53882305194819,1695.97,1697.75,1668.28,1668.95,3996000
28,65,-0.025764702357769856,-1,amazon,0.16684197840649828,0.09316469899961173,0.1280688572344841,1083,180.68986261423763,1667.37,1669.75,1620.51,1625.95,4957000
29,66,-0.003167379070697187,0,amazon,0.1522007034931019,0.09812227205631477,0.1421640060302546,1074,163.46355555159144,1604.01,1622.72,1586.57,1620.8,4667000
30,69,0.0,0,amazon,0.1232154051917049,0.10046417908615035,0.05073356783103397,981,120.8743124930625,1626.12,1672.29,1626.01,1670.62,3876400
31,70,0.001484478816247871,0,amazon,0.07606506991017863,0.10027258953936725,0.0410718017305683,1702,129.46274898712403,1669.0,1684.27,1660.98,1673.1,3614500
32,71,0.010585141354372146,1,amazon,0.22603227939921475,0.09356983256317404,0.06642682503396118,1240,280.2800264550263,1683.0,1700.0,1679.35,1690.81,3552000
33,72,-0.0027146752148378105,0,amazon,0.2858193251802749,0.10633649091438549,0.14177091816703277,1290,368.70692948255464,1691.2,1702.0,1684.34,1686.22,2946600
34,90,0.0,0,amazon,0.1977342994701344,0.06827778829490322,0.07222860230729683,503,99.46035263347761,1800.11,1815.67,1798.73,1814.19,4238800
35,91,-0.00011575413821046108,0,amazon,0.12614610268958104,0.09652554536206527,0.06591143315671147,575,72.5340090465091,1811.02,1820.0,1805.12,1813.98,3448100
36,92,0.0037045612410280307,0,amazon,0.12691600368529155,0.11454641717486257,0.1079601340532385,674,85.5413864838865,1826.72,1830.0,1809.62,1820.7,3980600
37,93,-0.001010600318558876,0,amazon,0.17298393669262319,0.13267727484418995,0.15026546861500234,1180,204.12104529729535,1820.65,1828.75,1804.2,1818.86,3623900
38,94,0.010127222545990387,1,amazon,0.40796977310797117,0.12006659277993152,0.14201534768916527,2189,893.0458333333489,1829.0,1838.58,1825.19,1837.28,3640500
39,97,0.0,0,amazon,0.1908127066550079,0.14739287366365733,0.13598992436932372,604,115.25087481962477,1833.23,1850.2,1825.11,1849.86,3752800
40,98,-0.00757895192068588,0,amazon,0.16674742829005093,0.14640407469006783,0.0636042355516693,959,159.91078373015884,1845.49,1853.09,1831.78,1835.84,3714400
41,99,0.006258715356458084,0,amazon,0.16612003529444605,0.1522042640615635,0.11918671164835294,1103,183.230398929774,1841.0,1848.0,1828.81,1847.33,2964000
42,100,-0.0017647090665988162,0,amazon,0.15909842033534294,0.15780484000572845,0.17456005674650163,1386,220.51041058478532,1848.7,1849.95,1840.31,1844.07,2654800
43,101,-0.0005477015514595383,0,amazon,0.18376122538334605,0.1558211948118313,0.16398862797327998,2605,478.6979921236165,1848.4,1851.5,1841.3,1843.06,3114400
44,104,0.0,0,amazon,0.1860048771744018,0.12379140227974199,0.06125374179444868,1210,225.0659013810262,1842.0,1846.85,1818.9,1844.87,3724400
45,105,0.009848932445104572,0,amazon,0.13162732577140257,0.12310456949679827,0.062001625724800606,1435,188.8852124819627,1851.35,1869.77,1848.0,1863.04,3044600
46,106,0.0009554276880796831,0,amazon,0.1348450408540975,0.11808741199413421,0.10587740098193481,1118,150.756755674881,1872.99,1876.47,1860.44,1864.82,2893500
47,107,-0.0016784461771108643,0,amazon,0.16647799421449702,0.11361955564551297,0.1508257479333006,1028,171.13937805250293,1868.79,1870.82,1859.48,1861.69,2749900
48,111,0.0,0,amazon,0.15930735137877988,0.08842217685919984,0.0,910,144.96968975468968,1855.4,1888.42,1845.64,1887.31,3373800
49,112,0.019318500935193498,1,amazon,0.18102688144997836,0.08460824460268242,0.053102450459593296,972,175.95812876937896,1891.2,1929.26,1889.58,1923.77,4640400
50,113,-0.011446274762575558,-1,amazon,0.16164657850443961,0.0916653239853361,0.11344474427625274,1094,176.84135688385695,1925.0,1929.69,1898.16,1901.75,3675800
51,114,0.0002629157355067701,0,amazon,0.11050199095126777,0.09549411507824213,0.16732693711106594,1348,148.95668380230896,1917.0,1922.45,1900.31,1902.25,6099100
52,115,0.02543303982126435,1,amazon,0.12491080963437898,0.08749754318349509,0.15105848363522859,1031,128.78304473304473,1929.0,1951.0,1898.0,1950.63,8432600
53,118,0.0,0,amazon,0.18328580377641118,0.10534194455983495,0.041636936544792995,1251,229.29054052429038,1949.0,1956.34,1934.09,1938.43,4021300
54,119,-0.006144147583353581,0,amazon,0.2230107353189745,0.10876743775949657,0.061095267925470396,1144,255.12428120490682,1930.1,1935.71,1906.95,1926.52,3506000
55,120,-0.007786059838465212,0,amazon,0.17973285245257034,0.11476513116935315,0.13543217969846189,904,162.4784986171236,1933.09,1943.64,1910.55,1911.52,3117000
56,121,-0.005597639574788674,0,amazon,0.12832930249974558,0.11734888459051467,0.1953431305159853,993,127.43099738224736,1913.33,1921.55,1881.87,1900.82,3962900
57,122,0.0324281099735904,1,amazon,0.148662586799327,0.11989564338315437,0.17702429675709683,905,134.53964105339094,1949.0,1964.4,1936.0,1962.46,6381600
58,125,0.0,0,amazon,0.15829960568995666,0.12328875440671837,0.04955419559977567,741,117.30000781625789,1917.98,1959.0,1910.5,1950.55,5417800
59,126,-0.015149573197303302,-1,amazon,0.13933382278131123,0.11971929753722488,0.052766535229985555,876,122.05642875642864,1939.99,1949.1,1903.38,1921.0,5902100
60,127,-0.0016814159292035493,0,amazon,0.1523757529776049,0.10776545288898727,0.09921114282375597,999,152.22337722462728,1918.87,1935.37,1910.0,1917.77,4078600
61,128,-0.009333757437023256,0,amazon,0.12527389425049054,0.10385729582113505,0.15000306048295758,924,115.75307828745325,1900.0,1909.4,1876.0,1899.87,5308300
62,129,-0.0052056193318489544,0,amazon,0.1675710696241262,0.10342080892838433,0.13899449000313555,867,145.28411736411744,1898.0,1903.79,1856.0,1889.98,5718000
63,132,0.0,0,amazon,0.22836089364385403,0.10612202076049851,0.05585702320804207,1206,275.40323773448796,1836.56,1846.54,1818.0,1822.68,5783400
64,133,0.00956832795663519,0,amazon,0.18698575441610638,0.11613077618248384,0.07612029788128467,1023,191.28642676767683,1839.5,1852.44,1815.75,1840.12,4629100
65,134,0.01686303067191281,1,amazon,0.16749969076572752,0.12293819498745458,0.13844888268665348,873,146.22723003848012,1827.95,1874.43,1823.0,1871.15,4692600
66,135,0.019463966010207542,1,amazon,0.10294137520675384,0.12509875752861493,0.19428211294189598,1268,130.52966376216386,1885.94,1917.51,1882.29,1907.57,4707800
67,136,-0.020219441488385715,-1,amazon,0.1373829738473769,0.12190839766522399,0.1524756067961959,913,125.43065512265512,1893.05,1910.53,1867.33,1869.0,4736600
68,139,0.0,0,amazon,0.1604569544229834,0.11759581255425981,0.0457943246157923,758,121.62637145262143,1852.69,1867.78,1835.54,1858.97,3798200
69,140,-0.0007800018289698303,0,amazon,0.22089673046252062,0.10789524980842116,0.0534856514743278,1045,230.83708333333405,1874.79,1879.0,1846.0,1857.52,4005100
70,141,0.0011628407769499558,0,amazon,0.1519994173838002,0.11273967495790892,0.12711789496183468,1239,188.32727813852847,1851.78,1871.49,1851.0,1859.68,2936600
71,142,-0.023767529897616817,-1,amazon,0.13290914581394536,0.11052535018906215,0.17778436742310144,948,125.9978702316202,1836.59,1844.0,1804.2,1815.48,4424300
72,143,0.004296384427258881,0,amazon,0.13037532235564386,0.11480646027580378,0.16860176455342205,902,117.59854076479076,1835.89,1841.76,1817.85,1823.28,3369700
73,153,0.0,0,amazon,0.11873533070581678,0.09074563031253954,0.06048545250972103,936,111.1362695406445,1760.01,1766.29,1672.0,1692.69,9098700
74,154,0.021781897453166197,1,amazon,0.13866260864725008,0.1077078204133705,0.03957844356860559,997,138.24662082130834,1699.24,1730.82,1680.89,1729.56,5679100
75,155,0.005168944702698984,0,amazon,0.11157889363153606,0.10702293346641704,0.08579931311768896,1192,133.00204120879098,1749.6,1752.0,1715.25,1738.5,4239800
76,156,0.009122807017543802,0,amazon,0.15463558194407212,0.10197358901135788,0.12299227766153431,904,139.79056607744118,1737.71,1760.0,1726.13,1754.36,3689300
77,157,0.028312319022321574,1,amazon,0.15402607490246384,0.10072411035111974,0.13495902807428609,900,138.62346741221745,1763.7,1806.25,1759.49,1804.03,4808200
78,160,0.0,0,amazon,0.16248022013469882,0.09680549854730555,0.051342024967487944,882,143.30755415880435,1822.0,1884.87,1818.0,1860.63,5371000
79,161,0.0016499787706314186,0,amazon,0.1530012016069143,0.10305476846571728,0.05416007337823294,512,78.33661522274012,1883.25,1893.7,1858.0,1863.7,4042700
80,162,-0.004496431829157111,0,amazon,0.15092898828598605,0.10510313888852643,0.10516047391387102,861,129.949858914234,1853.98,1865.0,1844.38,1855.32,2674500
81,163,0.008074078865101449,0,amazon,0.14523533142484746,0.1107245809820193,0.15547013667586637,961,139.5711534992784,1866.72,1883.09,1862.22,1870.3,2795800
82,164,-0.0003368443565202811,0,amazon,0.13561698629006322,0.10938168805070148,0.14972184043924927,1027,139.27864491989493,1864.0,1876.0,1859.0,1869.67,2851200
83,167,0.0,0,amazon,0.12945502846831852,0.10675181824892999,0.04520566209668774,997,129.06666338291356,1876.5,1895.69,1875.45,1886.03,2634300
84,168,0.008133486741992395,0,amazon,0.14519203529548375,0.10203393372516137,0.043151676156106177,870,126.31707070707085,1901.35,1921.67,1899.79,1901.37,3895700
85,169,0.0039024492865670926,0,amazon,0.17755731610722045,0.10091833853781414,0.09154902125460075,784,139.20493582806083,1907.84,1919.58,1892.47,1908.79,2895300
86,170,0.004924585732322619,0,amazon,0.15004412959443433,0.10472238536941905,0.15073479329034092,984,147.6434235209234,1933.33,1935.2,1905.8,1918.19,3217200
87,171,-0.0035919278069430557,0,amazon,0.15203665167171884,0.1054093565365029,0.15759782699904618,1043,158.57422769360275,1916.1,1925.95,1907.58,1911.3,3933600
88,175,0.0,0,amazon,0.21796520814734097,0.08926144752412248,0.0,1304,284.2266314241326,1911.84,1916.39,1872.42,1878.27,3012300
89,176,0.010413838266063956,1,amazon,0.16304090278211367,0.09965761507438779,0.072655069382447,512,83.4769422244422,1892.48,1903.8,1887.32,1897.83,2441900
90,181,0.0,0,amazon,0.1789468032011789,0.10114758580580321,0.05270580245935935,1057,189.1467709836461,1922.98,1929.82,1914.66,1922.19,3203300
91,182,0.006305308008053258,0,amazon,0.18008172192561867,0.12671141483454307,0.05964893440039296,1286,231.5850943963456,1919.38,1934.79,1906.63,1934.31,2645900
92,183,0.0024246372091340346,0,amazon,0.14791002476197165,0.12129948823143988,0.11967617504226585,976,144.36018416768434,1935.89,1941.59,1930.5,1939.0,1690300
93,185,0.0,0,amazon,0.12705693626023876,0.0950079938952639,0.10933058222919678,969,123.11817123617136,1928.6,1945.9,1925.3,1942.91,2628400
94,188,0.0,0,amazon,0.12339750354859519,0.09057078373557258,0.04235231208674625,939,115.87025583213088,1934.12,1956.0,1928.25,1952.32,2883400
95,189,0.018429355843304386,1,amazon,0.11772156862135325,0.0826351694994892,0.041132501182865065,1160,136.55701960076976,1947.8,1990.01,1943.48,1988.3,4345700
96,212,-0.006138912994568206,0,amazon,0.1297381126623263,0.10721288019580134,0.15690962616109955,1049,136.09528018278027,1871.72,1897.92,1844.01,1855.32,4713300
97,213,-0.017290817756505577,-1,amazon,0.13450430523512277,0.108231146316946,0.15987242344179906,1199,161.2706619769122,1845.07,1846.36,1808.02,1823.24,4956200
98,-61,0.0,0,amazon,0.1802598445789432,0.0,0.0,1487,268.04638888888854,1623.53,1670.45,1598.44,1665.53,8135500
99,-60,0.0,0,amazon,0.167941378937756,0.02575140636842046,0.06008661485964773,1311,220.1711477873981,1678.59,1697.44,1651.83,1665.53,6955500
100,-57,0.0,0,amazon,0.1930565093719546,0.04974303193095703,0.05598045964591866,1337,258.1165530303033,1657.57,1658.09,1596.36,1627.8,5624700
101,-56,0.009221034525125932,0,amazon,0.16220989256244536,0.07732253326980768,0.06435216979065153,1136,184.27043795093792,1618.35,1665.0,1614.55,1642.81,4257400
102,-55,0.06858979431583694,2,amazon,0.19278911362487738,0.10049537506444273,0.11842213397813332,943,181.80013414825936,1673.0,1759.23,1664.08,1755.49,8192200
103,-54,-0.0003303920842613329,0,amazon,0.18764543038636033,0.12803667701085378,0.18268517185309244,882,165.5032696007698,1755.0,1784.0,1725.11,1754.91,6534900
104,-53,-0.02420636955741321,-1,amazon,0.17457806655947827,0.12909176069762768,0.18088147885789438,928,162.00844576719584,1732.5,1743.92,1701.87,1712.43,5902200
105,-50,0.0,0,amazon,0.13498759215628656,0.13003985892930228,0.058192688853159424,1130,152.5359791366038,1698.24,1708.55,1630.01,1636.85,6806200
106,-49,-0.003470079726303471,0,amazon,0.09602259860471071,0.12174429932706397,0.04499586405209552,3107,298.3422138648362,1649.29,1677.06,1613.75,1631.17,5933300
107,-48,-0.019715909439236914,-1,amazon,0.13274570099263713,0.11228897161881617,0.07700339692033242,2081,276.24380376567785,1656.32,1673.0,1597.07,1599.01,6486900
108,-47,0.012776655555625084,1,amazon,0.12298800750410932,0.10371134124278185,0.12125196391787814,1475,181.40731106856126,1581.01,1624.82,1546.51,1619.44,8427300
109,-46,-0.016073457491478517,-1,amazon,0.13064409004235872,0.09447456654531743,0.1172521023671524,1343,175.45501292688775,1587.5,1614.48,1573.12,1593.41,6066100
110,-43,0.0,0,amazon,0.12968417185103506,0.08819828418572892,0.043548030014119575,1272,164.9582665945166,1577.01,1581.19,1503.36,1512.29,7790000
111,-42,-0.01112881788545843,-1,amazon,0.1480049131547755,0.08744065271355014,0.04322805728367835,1272,188.26224953287445,1437.5,1534.75,1420.0,1495.46,10878800
112,-41,0.014223048426571076,1,amazon,0.16202748716709064,0.09486669764927368,0.09256302833527019,1361,220.51941003441036,1542.99,1550.0,1515.0,1516.73,5716800
113,-39,0.0,0,amazon,0.1297754207102638,0.08148009460217999,0.10334413344062206,1529,198.42661826599334,1517.0,1536.2,1501.81,1502.06,2707600
114,-36,0.0,0,amazon,0.12499752519598807,0.08135599898330928,0.043258473570087934,1659,207.37089430014422,1539.0,1584.81,1524.22,1581.33,6257700
115,-35,5.6914116598145565e-05,0,amazon,0.13690592041201796,0.0806864780325883,0.04166584173199602,1271,174.00742484367484,1575.99,1597.65,1558.01,1581.42,5783200
116,-34,0.06091360928785517,2,amazon,0.1502394531694947,0.0791009076407658,0.08730114853600202,1324,198.917035996411,1613.92,1681.45,1601.22,1677.75,8458700
117,-33,-0.0024914319773506562,0,amazon,0.14230572533578176,0.07741690278396636,0.1373809662591669,1152,163.9361955868206,1674.99,1689.99,1652.33,1673.57,6613200
118,-32,0.009918915850547116,0,amazon,0.14759895363343642,0.09774629211764947,0.1431503663057648,1073,158.37367724867727,1679.5,1696.0,1666.5,1690.17,5761800
119,-29,0.0,0,amazon,0.17145069852961403,0.10029251110667413,0.04919965121114547,1226,210.1985563973068,1769.46,1778.34,1730.0,1772.36,6862300
120,-28,-0.05865625493692016,-2,amazon,0.14016200685661476,0.10692867872576357,0.057150232843204675,1275,178.7065587421838,1756.0,1770.34,1665.0,1668.4,8694500
121,-26,0.0,0,amazon,0.15029169466055073,0.085931054907921,0.10387090179540959,1119,168.17640632515625,1614.87,1701.05,1609.85,1699.19,8789400
122,-25,-0.04123141026018276,-1,amazon,0.1796482527668692,0.08707190766860227,0.09681790050572182,1077,193.48116822991813,1705.07,1718.93,1625.46,1629.13,7576100
123,-8,0.0,0,amazon,0.1787262477423877,0.0,0.0,364,65.05635417822913,1346.0,1396.03,1307.0,1343.96,7220000
124,-6,0.0,0,amazon,0.14420441834970485,0.025532321106055387,0.05957541591412924,838,120.84330257705267,1368.89,1473.16,1363.01,1470.9,10411800
125,-5,-0.0062954653613433885,0,amazon,0.15592462143888103,0.046132952298870364,0.10764355536403085,824,128.48188806563797,1454.2,1469.0,1390.31,1461.64,9722000
126,-4,0.01120658985796768,1,amazon,0.11937357933213542,0.0684078982187105,0.10004301326286195,935,111.61429667554663,1473.35,1513.47,1449.0,1478.02,8829000
127,-1,0.0,0,amazon,0.17951636118242223,0.08546126669472986,0.03979119311071181,688,123.5072564935065,1510.8,1520.76,1487.0,1501.97,6954500
128,13,0.0,0,amazon,0.06171874999999998,0.03712510909933505,0.0,32,1.9749999999999994,1615.0,1648.2,1595.15,1617.21,6005900
129,15,0.005505923944200284,0,amazon,0.05084709296941904,0.03371662296335781,-0.007953134317280218,1122,57.05043831168816,1684.22,1705.0,1675.88,1683.78,6366900
130,16,0.0056064331444725885,0,amazon,0.1287322838407595,0.02081531147821316,0.008995896672526128,1112,143.15029963092456,1680.0,1700.17,1677.5,1693.22,4208900
131,17,0.0017599603123043775,0,amazon,0.16188091142922187,0.022245710551191126,0.03133374128611264,1154,186.81057178932204,1712.0,1716.2,1691.54,1696.2,6020500
132,21,0.0,0,amazon,0.1563220063270063,0.03655459075536568,0.0,875,136.7817555361305,1681.0,1681.87,1610.2,1632.17,6416800
133,22,0.004809548025021848,0,amazon,0.1461531195641697,0.07111175636662952,0.05210733544233543,957,139.8685354229104,1656.0,1657.43,1612.0,1640.02,5225200
134,23,0.009091352544481214,0,amazon,0.16403429406722214,0.08472690302302248,0.10082504196372533,987,161.90184824434826,1641.07,1657.26,1631.78,1654.93,4089900
135,24,0.009450550778582702,0,amazon,0.17282731568234536,0.08977004734108858,0.15550313998613272,845,146.03908175158182,1670.5,1683.48,1661.61,1670.57,4945900
136,27,0.0,0,amazon,0.18475047715124537,0.09133381937724906,0.05760910522744845,781,144.29012265512264,1643.59,1645.0,1614.09,1637.89,4837700
137,28,-0.026869936320509918,-1,amazon,0.12793767181267163,0.11772674468456985,0.06158349238374846,555,71.00540785603275,1631.27,1632.38,1590.72,1593.88,4632800
138,29,0.048027455015434005,1,amazon,0.13307980066623692,0.11367183975395061,0.10422938298797234,1034,137.604513888889,1623.0,1676.95,1619.68,1670.43,5783800
139,30,0.028914710583502423,1,amazon,0.13778989655396398,0.11180422276853164,0.14858931654338464,311,42.8526578282828,1692.85,1736.41,1679.08,1718.73,10910300
140,73,0.01550212902231018,1,amazon,0.20687500929768982,0.12333325473921072,0.1959722248298894,1067,220.73563492063502,1703.0,1718.8,1693.13,1712.36,7550900
141,76,0.0,0,amazon,0.12392507452533708,0.13114386985415186,0.06895833643256327,1238,153.4192422623673,1712.7,1750.0,1712.63,1742.15,5429100
142,77,0.011307866716413522,1,amazon,0.15947871362463664,0.1312452511875279,0.04130835817511236,1165,185.79270137270169,1753.51,1784.16,1753.51,1761.85,6364200
143,78,0.020103868093197533,1,amazon,0.11292146594730951,0.143161486003879,0.09446792938332456,1393,157.29960206460214,1769.94,1799.5,1767.03,1797.27,6265600
144,79,0.012235223422190328,1,amazon,0.10836595697456884,0.12700279836789258,0.13210841803242776,1167,126.46307178932184,1796.26,1823.75,1787.28,1819.26,5767800
145,80,-0.029951738618998937,-1,amazon,0.17313411450164187,0.10165231719564884,0.126922045515505,920,159.28338534151052,1810.17,1818.98,1763.11,1764.77,6363000
146,86,0.0,0,amazon,0.26125871114243204,0.040214295925172956,0.0,129,33.70237373737373,1770.0,1777.93,1753.47,1773.42,3043000
147,87,0.004133256645351878,0,amazon,0.2166858069218905,0.06205611794915341,0.08708623704747735,1006,217.98592176342183,1786.58,1792.86,1776.63,1780.75,3320800
148,147,0.0,0,amazon,0.14345681727592427,0.09088294514513,0.0,823,118.06496061808566,1832.75,1849.27,1827.35,1836.43,3200000
149,148,-0.009387779550541,0,amazon,0.14692430481695032,0.07982010040418767,0.04781893909197476,928,136.3457548701299,1823.12,1830.0,1807.53,1819.19,4279000
150,149,-0.0015776252068228818,0,amazon,0.16338193256573905,0.07909508432320912,0.09679370736429153,863,140.9986078042328,1825.49,1829.47,1807.83,1816.32,3146900
151,150,-0.02271075581395349,-1,amazon,0.1814563575291631,0.08344833957346535,0.15125435155287123,843,152.9677093970845,1790.01,1795.59,1772.7,1775.07,4618800
152,177,0.0033986184220926247,0,amazon,0.16890958233308984,0.09758384174222968,0.12700203697648488,804,135.80330419580423,1902.0,1911.24,1898.04,1904.28,2141700
153,178,-0.005592664944230819,0,amazon,0.15811740737807806,0.10027890641918048,0.18330523108751484,820,129.656274050024,1909.1,1912.94,1884.0,1893.63,3037400
154,191,0.0,0,amazon,0.08840016126431238,0.05259657263288388,0.08037302405664948,1325,117.13021367521391,2025.62,2035.8,1995.3,2001.07,4317800
155,192,0.0049623451453472715,0,amazon,0.11798720050078751,0.06522516709921422,0.06870724329522188,1196,141.11269179894185,2008.27,2017.0,2003.87,2011.0,2509300
156,195,0.0,0,amazon,0.15159384305195195,0.06392949056214976,0.039329066833595834,4182,633.965451643263,2021.4,2022.9,2001.55,2020.99,2981300
157,196,-0.005487409635871488,0,amazon,0.1720692024546388,0.0679575390626293,0.05053128101731732,2515,432.7540441734166,2010.58,2026.32,2001.22,2009.9,2618200
158,197,-0.00889098960147277,0,amazon,0.1048850763229087,0.07572148675309866,0.10788768183553026,1504,157.74715478965467,2007.05,2012.0,1992.03,1992.03,2558800
159,198,-0.007093266667670608,0,amazon,0.08783364862413678,0.09070506908494277,0.1428493739431665,1283,112.69057118476749,1980.01,1987.5,1951.55,1977.9,3504300
160,199,-0.00676475049294712,0,amazon,0.12626275739159398,0.09062413870777482,0.12159597580056143,619,78.15664682539668,1991.21,1996.0,1962.23,1964.52,3185600
161,202,0.0,0,amazon,0.1387769688713942,0.09180636112074717,0.04208758579719799,1164,161.53639176630284,1971.14,1989.0,1958.26,1985.63,2900000
162,203,0.00446205990038421,0,amazon,0.16437000012657924,0.08997537909495322,0.04625898962379807,1102,181.1357401394903,1995.99,1997.79,1973.13,1994.49,2703500
163,204,0.0031687298507387532,0,amazon,0.1549655770459764,0.08887549304808755,0.10104898966599114,1065,165.03833955396487,1969.3,2001.3,1965.87,2000.81,2631300
164,205,-0.013489536737621268,-1,amazon,0.12261024981431369,0.09602985029424009,0.15270418201464997,1132,138.7948027898031,2001.0,2001.2,1972.72,1973.82,4136500
165,206,-0.015589060805949875,-1,amazon,0.15715103307299708,0.10099793617855109,0.14731527566228977,1227,192.8243175805674,1942.0,1950.9,1924.51,1943.05,4927100
166,209,0.0,0,amazon,0.12084972082022777,0.10541054699018008,0.052383677690999025,1085,131.12194708994713,1930.0,1932.23,1890.54,1912.45,4493200
167,210,-0.007278621663311497,0,amazon,0.17346282097860705,0.10284951155429915,0.04028324027340926,1267,219.77739417989514,1891.12,1909.89,1883.48,1898.53,2910900
168,211,-0.016723464996602634,-1,amazon,0.17641633668446385,0.10414848596173172,0.09810418059961161,993,175.1814223276726,1898.11,1899.55,1849.44,1866.78,4470700
169,216,0.0,0,amazon,0.13940991462190694,0.10499589948296396,0.04483476841170759,911,127.00243222055722,1770.22,1788.67,1748.78,1765.13,6058200
170,217,0.012860242588364492,1,amazon,0.1176517224247487,0.10764735574034669,0.046469971540635646,1140,134.1229635642135,1792.23,1793.77,1753.4,1787.83,5070300
171,218,0.003115508745238733,0,amazon,0.12054148150728777,0.09967434166122409,0.08568721234888521,1104,133.0777955840457,1773.99,1798.93,1757.0,1793.4,4526900
172,219,0.022019627523140406,1,amazon,0.13055813190884547,0.09169221949305606,0.1258677061846478,1086,141.78613125300618,1806.0,1834.26,1798.11,1832.89,3701200
173,220,-0.013808793762855475,-1,amazon,0.13210189882094878,0.09180936509970165,0.12291711194696064,1042,137.65017857142863,1828.95,1831.09,1802.22,1807.58,2879800
174,223,0.0,0,amazon,0.12292513037836594,0.09146616418339108,0.04403396627364959,989,121.57295394420392,1795.99,1800.98,1777.0,1784.92,2905500
175,224,0.022085023418416425,1,amazon,0.09796328973899067,0.08911119500574238,0.04097504345945532,1070,104.82072002072002,1783.0,1831.74,1780.0,1824.34,3994000
176,225,-0.0336450442351754,-1,amazon,0.11942812514117761,0.0862985617649198,0.0736294733724522,1086,129.69894390331888,1793.01,1795.65,1757.22,1762.96,4893600
177,226,0.0074647184280981155,0,amazon,0.11879864727773391,0.08613951085547548,0.1134388484195114,1823,216.56993398730893,1781.99,1788.0,1761.96,1776.12,3759100
178,227,0.009261761592685205,0,amazon,0.16001875091239665,0.08445958447960242,0.11206335405263407,1743,278.91268284030735,1792.89,1802.91,1784.55,1792.57,3018000
179,230,0.0,0,amazon,0.09738080765887785,0.08844770620695211,0.05333958363746555,1425,138.76765091390095,1818.08,1826.0,1812.61,1816.12,2816300
180,231,-0.008116203775080821,0,amazon,0.009832547643180305,0.08479851724702525,0.03246026921962595,10444,102.6911275853751,1814.5,1816.82,1799.88,1801.38,1929500
181,232,0.01230167982324654,1,amazon,-0.04394260458467918,0.07220841123333806,0.03573778510068606,28261,-1241.8619481676185,1819.39,1829.58,1815.0,1823.54,2031800
182,233,-0.010353488270068045,-1,amazon,-0.02536911805832051,0.04886973555821565,0.021090250239126324,23603,-598.787293530539,1828.0,1829.41,1800.1,1804.66,2653500
183,234,-0.03049881972227466,-1,amazon,0.025607642197562976,0.028274340510207874,-0.019826391666606467,11499,294.4622776297767,1793.03,1804.9,1745.23,1749.62,5270800
184,237,0.0,0,amazon,0.049425320771582654,0.00907275355094592,0.008535880732520993,3732,184.45529711954646,1766.91,1770.0,1743.51,1768.87,3080000
185,238,-0.003979941996868037,0,amazon,0.034571171014926426,0.002221969709903749,0.016475106923860883,3527,121.9325201696455,1775.73,1779.4,1746.68,1761.83,3019700
186,239,0.0013735717975060437,0,amazon,-0.0023197772529646235,0.005756058763010339,0.027998830595503028,2797,-6.488416976542052,1755.0,1767.86,1744.05,1764.25,2419700
187,240,0.012554910018421477,1,amazon,0.08713221552678822,0.011702176953255275,0.027225571511181487,2893,252.07349951899835,1783.0,1798.55,1777.25,1786.4,3015100
188,241,-0.0056594267801165065,0,amazon,0.15121173634390916,0.027773796036842237,0.03979453642958334,1882,284.58048779923706,1797.49,1799.74,1764.57,1776.29,3058700
189,245,0.0,0,amazon,0.10783818005573706,0.03865647794752274,0.0,1310,141.26801587301554,1770.0,1800.8,1768.0,1789.84,3543000
190,246,0.006022884727126432,0,amazon,0.10986645810027303,0.04912319352478141,0.03594606001857902,1367,150.18744822307323,1805.0,1807.63,1796.23,1800.62,2324100
191,247,0.02227010696315721,1,amazon,0.11879419307885357,0.06514979857524393,0.07256821271867003,1356,161.08492581492544,1821.95,1842.0,1815.58,1840.72,3310800
192,248,-0.0039169455430483925,0,amazon,0.11787751029434576,0.06967293822553898,0.1121662770782879,1234,145.46084770322267,1838.22,1840.65,1826.4,1833.51,2496900
193,251,0.0,0,amazon,0.13781600859363793,0.06491090593274419,0.039292503431448585,1122,154.62956164206176,1841.0,1850.0,1824.61,1831.35,2999500
194,252,-0.0058972888852485625,0,amazon,0.10180157668120626,0.08459890716040676,0.045938669531212645,1080,109.94570281570276,1822.75,1825.81,1805.34,1820.55,2613900
195,253,0.0013402543187498585,0,amazon,0.01784942249080653,0.08373653524975952,0.07987252842494806,1091,19.473719937469927,1812.14,1833.42,1809.08,1822.99,2432800
196,254,0.011278174866565337,1,amazon,0.13542162468174493,0.07059124444840716,0.08582233592188358,914,123.77536495911485,1837.63,1853.66,1834.28,1843.55,2823500
197,255,-0.002283637547123776,0,amazon,0.13639155956429547,0.07296659182024878,0.08502420795125258,967,131.89063809867372,1842.01,1846.12,1835.17,1839.34,1971300
198,258,0.0,0,amazon,0.14416698757956445,0.07561145600167016,0.04546385318809849,815,117.49609487734502,1824.02,1825.69,1800.2,1807.84,3675500
199,259,0.00813678201610764,0,amazon,0.11085705826115883,0.07651873871394536,0.048055662526521485,1134,125.71190406815411,1807.08,1823.99,1804.1,1822.55,1982400
200,260,-0.002792790321253144,0,amazon,0.11997668439718917,0.07781237893965288,0.08500801528024109,1129,135.45367668442657,1817.04,1822.06,1795.5,1817.46,2505600
201,261,0.0022228824843462656,0,amazon,0.1425341486097534,0.09240198778342183,0.1250002434126375,1116,159.0681098484848,1821.02,1832.57,1817.9,1821.5,2031500
202,262,-0.015009607466373823,-1,amazon,0.13116150730754328,0.09341806263028019,0.1244559637560338,1028,134.8340295121545,1821.71,1830.63,1780.92,1794.16,5341900
203,265,0.0,0,amazon,0.1661798355660565,0.09267091230788703,0.04372050243584776,1114,185.12433682058693,1777.0,1792.7,1767.32,1785.3,2922300
204,266,-0.02447207752198513,-1,amazon,0.1383593607001514,0.09581560487738587,0.055393278522018835,1056,146.10748489935986,1790.61,1795.71,1735.55,1741.61,4616000
205,267,0.015342125963906977,1,amazon,0.14592333937230006,0.09974450522581339,0.1015130654220693,1227,179.0479374098122,1747.36,1773.0,1723.0,1768.33,3493200
206,268,-0.01611124620404563,-1,amazon,0.15043337491686348,0.10345117022225782,0.15015417854616933,1181,177.66181577681579,1762.79,1763.37,1731.5,1739.84,3536800
207,269,-0.008270875482802944,0,amazon,0.137316444264124,0.10457963112327354,0.14490535832977167,1099,150.9107722462723,1748.0,1749.12,1713.82,1725.45,3907200
208,272,0.0,0,amazon,0.10774947026819628,0.1054589078313565,0.04577214808804134,1562,168.3046725589226,1726.99,1737.46,1709.22,1735.91,2644700
