,relative_day,up_rate,up_cat,company,1_day_sentiment_score,past_7_days_senti_avg,past_3_days_senti_avg,1_day_news_count,1_day_overall_sentiment_score,open,high,low,close,volume
0,-61,0.0,0,microsoft,0.09119050437409816,0.0,0.0,192,17.508576839826848,104.75,105.01,103.26,103.64,33384200
1,-60,0.0023157082207641345,0,microsoft,0.10322741433761172,0.013027214910585451,0.030396834791366054,152,15.690566979316982,104.19,105.01,102.72,103.88,37680200
2,-57,0.0,0,microsoft,0.10786028786028787,0.027773988387387125,0.03440913811253724,195,21.032756132756134,104.08,105.43,103.63,105.2,27922100
3,-56,0.0019961977186311194,0,microsoft,0.09385883311445115,0.04318260093885682,0.03595342928676262,267,25.060308441558455,105.07,106.5,104.0,105.41,24340200
4,-55,0.039275211080542646,1,microsoft,0.0875949666895929,0.0565910056694927,0.06723970699157968,214,18.74532287157288,107.09,109.83,107.05,109.55,37901700
5,-54,-0.0018256503879507334,0,microsoft,0.07446311867145203,0.06910457233943454,0.09643802922144397,195,14.520308140933146,109.4,109.8,108.53,109.35,25644100
6,-53,-0.019478737997256475,-1,microsoft,0.1454701633055291,0.0667149458104851,0.08530563949183202,164,23.857106782106772,108.47,109.06,106.42,107.22,32039200
7,-50,0.0,0,microsoft,0.1372202295958841,0.07274962423447329,0.048490054435176365,191,26.209063852813863,107.07,107.6,103.82,104.57,33621800
8,-49,0.0006694080520226394,0,microsoft,0.08257382477504431,0.07694390162527275,0.04574007653196136,205,16.927634078884083,105.24,106.4,104.35,104.64,35374600
9,-48,-0.01414373088685019,-1,microsoft,0.12088396462043646,0.07533175757678605,0.07326468479030947,231,27.924195827320823,106.23,106.39,102.67,103.16,39495100
10,-47,0.022004652966266094,1,microsoft,0.107527643212167,0.08008732870976372,0.11355933966378828,252,27.096966089466083,103.18,105.94,102.12,105.43,38505200
11,-46,0.009390116665085789,0,microsoft,0.09125211474349404,0.08481083221558014,0.10366181086921593,232,21.170490620490618,105.23,107.0,104.96,106.42,33502100
12,-43,0.0,0,microsoft,0.13255917057479555,0.07706539670671798,0.03041737158116468,240,31.814200937950933,106.4,106.69,101.76,102.81,44773900
13,-42,-0.027721038809454417,-1,microsoft,0.11419360577086958,0.07639953113227675,0.044186390191598514,254,29.005175865800872,100.04,101.19,97.64,99.96,64052500
14,-41,0.013705482192877197,1,microsoft,0.15749388119553864,0.08091664270310894,0.08225092544855504,181,28.506392496392497,101.81,102.63,100.48,101.33,28130600
15,-39,0.0,0,microsoft,0.12123334457750044,0.07078553889781397,0.09056249565546941,154,18.669935064935068,100.41,102.02,100.24,101.29,13823100
16,-36,0.0,0,microsoft,0.13666024653312794,0.07506857173124347,0.04041111485916681,236,32.251818181818194,102.98,104.79,102.78,104.63,32336200
17,-35,0.006307942272770819,0,microsoft,0.13107204203016387,0.07565443972529094,0.045553415511042646,197,25.821192279942284,104.44,105.48,103.54,105.29,29124500
18,-34,0.03713553043973783,1,microsoft,0.13043665033796611,0.07806564490519012,0.08924409618776392,190,24.78296356421356,106.03,109.41,106.0,109.2,46788500
19,-33,-0.008333333333333302,0,microsoft,0.12544213319637046,0.0742003262112512,0.13272297963375265,236,29.604343434343427,108.43,109.2,107.15,108.29,28123200
20,-32,0.006371779481023157,0,microsoft,0.12875102986489134,0.09212063095358983,0.12898360852150015,303,39.01156204906208,108.79,109.06,107.47,108.98,33665600
21,-29,0.0,0,microsoft,0.10010915869070164,0.09319458599464568,0.04291700995496378,256,25.62794462481962,111.05,111.46,108.82,110.16,34732800
22,-28,-0.03186274509803914,-1,microsoft,0.11411363177782667,0.0879730020171562,0.03336971956356721,354,40.39622564935064,110.01,110.7,106.34,106.65,45197000
23,-26,0.0,0,microsoft,0.11255145889891652,0.06691656478997002,0.07140759682284277,295,33.20268037518037,103.99,107.36,103.19,107.31,49107400
24,-25,-0.04007082284968779,-1,microsoft,0.07989553924336537,0.06507503989033374,0.07555503022558106,230,18.375974025974035,106.51,107.56,102.5,103.01,45044900
25,-8,0.0,0,microsoft,-0.009076479076479082,0.0,0.0,30,-0.2722943722943725,95.99,96.28,92.36,92.51,43935200
26,-6,0.0,0,microsoft,0.09526921387790953,-0.0012966398680684403,-0.003025493025493027,115,10.955959595959596,93.5,98.95,92.34,98.82,51634800
27,-5,0.006172839506172978,0,microsoft,0.1147844345506947,0.012313247828775778,0.028730911600476815,123,14.118485449735449,97.59,99.44,94.74,99.43,49498500
28,-4,-0.007744141607160919,0,microsoft,0.1511283631243309,0.02871102419316074,0.07001788280953475,124,18.739917027417032,100.33,100.64,97.8,98.66,38196300
29,-1,0.0,0,microsoft,0.10742283773257223,0.05030079035377944,0.05037612104144363,113,12.138780663780663,99.54,100.63,98.71,99.82,33173800
30,1,0.0,0,microsoft,0.09974799447257075,0.06694354989792962,0.03580761257752408,118,11.770263347763349,97.83,99.99,97.23,99.38,35329300
31,2,-0.036828335681223553,-1,microsoft,0.08917453758362848,0.06758337569716694,0.06905694406838099,77,6.866439393939393,98.37,98.46,95.52,95.72,42579100
32,8,0.0,0,microsoft,0.13486387381957002,0.026988933150885606,0.0,79,10.654246031746032,102.07,103.07,101.46,102.47,32280800
33,9,-0.006440909534497869,0,microsoft,0.11235507467472643,0.03200548734331407,0.04495462460652334,201,22.583370009620012,101.44,101.96,100.61,101.81,30067600
34,13,0.0,0,microsoft,0.29333333333333333,0.03531699264204235,0.0,10,2.9333333333333336,100.14,101.09,99.51,100.29,28437100
35,14,0.029015854023332302,1,microsoft,0.10400592121903596,0.07722175454680426,0.09777777777777778,183,19.03308358308358,100.74,103.24,100.12,103.2,31587600
36,15,0.00348837209302325,0,microsoft,0.11524228401720094,0.0920797432923808,0.1324464181841231,301,34.68792748917748,103.44,104.43,103.15,103.56,29853900
37,16,0.007049053688682927,0,microsoft,0.09829970906960529,0.08927665903489952,0.1708605128565234,289,28.408615921115928,103.19,104.79,102.95,104.29,28393000
38,17,0.014958289385367609,1,microsoft,0.09081207092570728,0.08726874966273936,0.10584930476861405,264,23.974386724386722,105.61,106.04,104.08,105.85,37427600
39,21,0.0,0,microsoft,0.125127917615031,0.058337140747364215,0.0,194,24.274816017316013,104.91,105.25,103.05,103.86,32371300
40,22,0.009724629308684818,0,microsoft,0.020528114305092732,0.06135456880393493,0.041709305871677003,417,8.560223665223669,104.29,105.19,103.52,104.87,25874300
41,23,-0.004767807761991036,0,microsoft,0.07006601230559567,0.04782397313077662,0.04855201064004125,432,30.26851731601733,105.02,105.15,103.52,104.37,23164800
42,24,0.009102232442272574,0,microsoft,0.11134579098437794,0.043790587878775246,0.0719073480752398,230,25.609531926406927,105.39,106.02,104.37,105.32,31225600
43,27,0.0,0,microsoft,0.10919198195983906,0.04672397645858534,0.03711526366145931,182,19.87294071669071,104.43,104.64,102.85,103.27,29476700
44,28,-0.020431877602401467,-1,microsoft,0.10404180541680542,0.062322831024276625,0.036397327319946354,130,13.525434704184706,103.07,103.16,100.41,101.16,31490500
45,29,0.03341241597469365,1,microsoft,0.08337648323550581,0.05931052928167298,0.07107792912554817,266,22.178144540644546,102.81,104.54,102.53,104.54,49471900
46,30,-0.018270518461832894,-1,microsoft,0.09184834455667792,0.06828886770030342,0.09887009020405009,108,9.919621212121216,102.01,103.4,101.4,102.63,55636400
47,31,-0.01578485822858804,-1,microsoft,0.14042784992784993,0.07140062945045801,0.09308887773632972,40,5.617113997113997,101.99,102.3,100.58,101.01,35535700
48,34,0.0,0,microsoft,0.17970870396497104,0.07555520929952544,0.04680928330928331,359,64.5154247234246,101.09,103.97,101.0,103.92,31315100
49,35,0.013953040800615886,1,microsoft,0.09357016061149132,0.08562902672883002,0.059902901321657015,248,23.205399831649846,104.23,105.42,104.13,105.37,27325400
50,36,-0.01110372971433996,-1,microsoft,0.09564257690330648,0.084133077470928,0.09109295485882078,233,22.28472041847041,105.15,105.15,103.71,104.2,20609800
51,37,-0.007197696737044145,0,microsoft,0.0335711833244728,0.0858853765663281,0.1229738138265896,228,7.654229797979798,103.37,103.77,102.49,103.45,29760700
52,38,0.003866602223296196,0,microsoft,0.01651140184391418,0.07756006781887023,0.07426130694642354,203,3.3518145743145786,102.59,103.95,102.46,103.85,21461100
53,41,0.0,0,microsoft,0.03210671996796401,0.059857718092593694,0.00550380061463806,209,6.710304473304478,104.37,104.74,103.16,103.43,18914100
54,42,0.01566276708885227,1,microsoft,0.11460770606944073,0.03877172037873554,0.010702239989321337,196,22.463110389610385,104.31,105.29,103.66,105.05,25056600
55,43,-0.0007615421227986511,0,microsoft,0.1267248009831742,0.041777084015585456,0.048904808679134916,209,26.485483405483407,105.65,105.92,104.87,104.97,18394900
56,44,0.0008573878250929162,0,microsoft,0.09101353395708235,0.04621740174128085,0.09114640900685965,186,16.928517316017317,104.48,105.44,103.84,105.06,21784700
57,45,0.012278697886921684,1,microsoft,0.06578027042010089,0.054423451831653646,0.11078201366989911,177,11.643107864357857,106.05,106.43,105.51,106.35,26606900
58,49,0.0,0,microsoft,0.10301026818709745,0.05687518734711402,0.0,205,21.117104978354977,105.93,106.79,105.92,106.3,18038500
59,50,-0.0051740357478833226,0,microsoft,0.08183451882946836,0.055218410506779274,0.03433675606236582,297,24.304852092352103,106.45,106.53,104.9,105.75,21607700
60,51,0.021087470449172613,1,microsoft,0.03904192922050065,0.04880551305624986,0.061614929005521936,259,10.111859668109668,105.5,108.05,105.47,107.98,29063200
61,52,0.014261900351916948,1,microsoft,0.04230862547039017,0.04138099809388105,0.07462890541235549,306,12.946439393939391,108.61,109.75,108.39,109.52,27763200
62,55,0.0,0,microsoft,0.07994652137315178,0.03802790595820809,0.014102875156796722,276,22.06523989898989,110.3,110.72,109.81,110.13,23750600
63,56,0.00690093525833111,0,microsoft,0.10737399700467883,0.04944883758294406,0.02664884045771726,264,28.34673520923521,109.81,111.76,109.72,110.89,21536700
64,57,-0.001623230228154088,0,microsoft,0.0937575056591644,0.05007222741402711,0.062440172792610195,211,19.78283369408369,110.23,110.89,109.43,110.71,21487100
65,58,-0.0012645650799385836,0,microsoft,0.13986365445436244,0.05177551124684083,0.09369267467899833,226,31.609185906685912,110.58,111.41,110.27,110.57,29083900
66,59,0.004431581803382555,0,microsoft,0.05626223887968856,0.06617861485167822,0.11366505237273522,149,8.383073593073595,111.42,111.54,110.21,111.06,23501200
67,62,0.0,0,microsoft,0.1034357864357864,0.06817198819586372,0.018754079626562854,225,23.27305194805194,111.54,111.77,109.35,110.79,26608000
68,63,-0.004964346962722369,0,microsoft,0.10388249269005848,0.07152759749052581,0.03447859547859546,152,15.790138888888889,110.78,110.92,109.78,110.24,19538300
69,64,0.00045355587808428314,0,microsoft,0.10765958648534409,0.07102881115986576,0.0691060930419483,264,28.42213083213084,110.41,111.19,109.97,110.29,17687000
70,65,-0.012149786925378579,-1,microsoft,0.1026111667408397,0.07301482270646285,0.10499262187039632,214,21.958789682539695,109.95,110.09,108.44,108.95,25339000
71,66,0.0011014226709498884,0,microsoft,0.03984490643764839,0.06769303874738818,0.10471774863874743,186,7.4111525974026,107.73,109.26,107.38,109.07,22818400
72,69,0.0,0,microsoft,0.12322356447356442,0.06534770554138243,0.01328163547921613,222,27.3556313131313,109.54,111.48,109.53,111.36,26491600
73,70,0.007004310344827597,0,microsoft,0.051994319883470815,0.06817453097535073,0.04107452149118814,318,16.53419372294372,111.35,112.5,111.18,112.14,26132700
74,71,0.00766898519707508,0,microsoft,0.05514000079068573,0.06076193486012391,0.05840596145234508,146,8.050440115440116,112.64,113.5,112.29,113.0,35513800
75,72,0.0007964601769911806,0,microsoft,0.1464621605246604,0.053259136903744154,0.07678596171590699,300,43.93864815739812,113.04,113.7,112.84,113.09,30763400
76,73,0.011583694402688144,1,microsoft,0.12504885695241028,0.0595235645871471,0.08453216039960565,197,24.634624819624825,113.83,115.72,113.09,114.4,54681100
77,76,0.0,0,microsoft,0.1001772703616966,0.07169555751782737,0.041682952317470094,183,18.332440476190477,114.65,116.07,114.53,116.03,31207600
78,77,0.0006894768594328906,0,microsoft,0.12547660727939614,0.06840322978756054,0.03339242345389887,251,31.49462842712843,116.55,116.89,115.46,116.11,37588700
79,78,-0.0010335027129446607,0,microsoft,0.10115970049820415,0.07890069941554988,0.07521795921369757,274,27.717757936507937,115.86,117.2,115.19,115.99,28113300
80,79,0.022933011466505827,1,microsoft,0.065384620219115,0.08547494223090966,0.10893785937976563,287,18.765386002886004,115.61,119.24,115.56,118.65,29854400
81,80,-0.026380109565950355,-1,microsoft,0.057724099145089726,0.0738924364729746,0.09734030933223843,212,12.237509018759022,117.94,118.03,115.51,115.52,33624500
82,86,0.0,0,microsoft,0.08946103896103896,0.017586959909172105,0.0,10,0.8946103896103896,115.91,116.04,114.61,115.4,18334800
83,87,0.008665511265164644,0,microsoft,0.08868578836493275,0.021026448300875526,0.02982034632034632,187,16.584242424242426,116.53,116.77,115.43,116.4,25399800
84,90,0.0,0,microsoft,0.12758466692687984,0.0254495467608531,0.029561929454977584,305,38.91332341269835,117.4,117.55,116.56,117.47,22789100
85,91,0.0013620498850770118,0,microsoft,0.12464676668315187,0.043675927750407365,0.042528222308959945,213,26.54976130351135,117.51,117.92,116.97,117.63,18142300
86,92,0.006545949162628668,0,microsoft,0.06929739325422775,0.06148260870514334,0.08407714453667724,139,9.632337662337656,118.29,118.86,117.59,118.4,22860700
87,93,-0.005067567567567639,0,microsoft,0.1623935786435786,0.07138223631289016,0.1071762756214198,263,42.70951118326117,118.53,118.66,116.83,117.8,20112800
88,94,0.004414261460101834,0,microsoft,0.1037373818991466,0.08180117055325298,0.11877924619365275,221,22.925961399711397,117.83,118.66,117.81,118.32,15826200
89,97,0.0,0,microsoft,0.04615989347730921,0.08395139820099781,0.03457912729971553,178,8.21646103896104,118.25,118.45,117.09,118.36,15116200
90,98,-0.005407232173031434,0,microsoft,0.11628897197079018,0.07231928770820199,0.01538663115910307,264,30.700288600288605,117.08,117.98,117.03,117.72,17612000
91,99,0.007645259938837969,0,microsoft,0.0784155762167126,0.07112531703500748,0.05414962181603313,220,17.251426767676772,118.2,118.78,117.98,118.62,16477200
92,100,0.0011802394199966326,0,microsoft,0.07883790229378466,0.07242791460107674,0.08028814722160399,221,17.423176406926412,118.97,119.27,118.35,118.76,14209100
93,101,0.005136409565510268,0,microsoft,0.07508852016846199,0.06049138940824904,0.09118081682709582,172,12.91522546897546,119.06,119.4,118.8,119.37,19745100
94,104,0.0,0,microsoft,0.09802836911084331,0.056398694875294086,0.02502950672282066,194,19.017503607503603,119.36,119.99,119.0,119.47,15792600
95,105,-0.002343684607014323,0,microsoft,0.08646597720461356,0.0638084771086561,0.03267612303694777,286,24.729269480519477,120.05,120.06,118.53,119.19,14071800
96,106,0.008306065945129702,0,microsoft,0.06830727882349716,0.05954804928491659,0.06149811543848562,316,21.585100108225102,119.66,120.26,118.97,120.18,19300900
97,107,0.013146946247295708,1,microsoft,0.11430671797338463,0.058104006800171526,0.08426720837965133,225,25.71901154401154,120.59,121.91,119.72,121.76,27991000
98,111,0.0,0,microsoft,0.09889947171197168,0.05244404901604838,0.0,222,21.955682720057712,121.02,122.38,120.97,122.14,15648700
99,112,0.013590961192074641,1,microsoft,0.10913058320184486,0.05256849224478101,0.032966490570657224,214,23.3539448051948,122.48,123.94,122.21,123.8,24025500
100,113,-0.003392568659127639,0,microsoft,0.11844407818644456,0.05580629310152834,0.06934335163793885,262,31.032348484848477,124.15,124.21,122.89,123.38,31257000
101,114,0.0330685686497001,1,microsoft,0.0811266912450625,0.06296869301052081,0.10882471103342035,264,21.4174464886965,128.36,129.65,127.15,127.46,38033900
102,115,0.005727286991997521,0,microsoft,0.04816844253438456,0.058228689192189084,0.10290045087778397,207,9.970867604617604,128.01,128.82,127.34,128.19,23654900
103,118,0.0,0,microsoft,0.039280321819384324,0.06510989526852974,0.016056147511461522,224,8.798792087542088,128.2,128.48,127.66,128.08,16324200
104,119,0.006324172392254636,0,microsoft,0.11001519768937798,0.056592873855302976,0.013093440606461441,244,26.843708236208226,128.11,128.99,127.7,128.89,24166500
105,120,-0.020792924198929263,-1,microsoft,0.11346795304081739,0.056719247353522,0.04976517316958743,199,22.58012265512266,128.83,128.94,126.03,126.21,26821700
106,121,-0.013073449013548781,-1,microsoft,0.08628280985032813,0.05600837233271811,0.08758782418319323,274,23.641489898989906,126.31,126.33,123.88,124.56,27350200
107,122,0.02135517019910081,1,microsoft,0.1200089733816148,0.05674496070489892,0.10325532019350785,265,31.802377946127923,125.7,127.74,125.59,127.22,24911100
108,125,0.0,0,microsoft,0.09631434809582075,0.06700789368307467,0.040002991127204936,421,40.54834054834053,124.74,126.88,124.46,126.48,24239800
109,126,-0.02055660974067053,-1,microsoft,0.13211960888573795,0.07515561172256557,0.032104782698606914,403,53.244202380952395,124.81,125.52,122.6,123.88,36017700
110,127,-8.072328059404993e-05,0,microsoft,0.11243555686737505,0.078313384750617,0.07614465232718624,308,34.63015151515152,123.8,124.72,123.12,123.87,28419000
111,128,-8.07297973682499e-05,0,microsoft,0.12253830525632849,0.07816589958298238,0.11362317128297793,258,31.61488275613275,122.67,124.15,121.96,123.86,27235800
112,129,0.012998546746326493,1,microsoft,0.08906417213833483,0.08334525606955386,0.12236449033648049,209,18.614411976911978,123.28,126.26,122.2,125.47,30915100
113,132,0.0,0,microsoft,0.06793292408866178,0.07892457017765672,0.02968805737944494,305,20.719541847041842,122.49,123.91,121.43,121.74,33944900
114,133,0.011171348776080166,1,microsoft,0.08645460656526227,0.07487008103377688,0.022644308029553927,305,26.368655002404992,122.25,124.24,122.08,123.1,25266300
115,134,0.014053614947197434,1,microsoft,0.1089743616362321,0.06834650927370892,0.05146251021797468,278,30.294872534872525,123.09,125.52,122.54,124.83,24722700
116,135,0.02315148602098855,1,microsoft,0.07991439088465295,0.06785205281211706,0.08778729743005205,496,39.63753787878786,125.56,128.16,125.27,127.72,30112200
117,136,-0.006655183213279003,0,microsoft,0.06134700680373758,0.06176292218759199,0.09178111969538244,312,19.140266122766125,127.1,129.23,126.72,126.87,25770500
118,139,0.0,0,microsoft,0.07912214711286977,0.05780332713979238,0.020449002267912526,256,20.255269660894662,125.33,126.39,124.58,125.03,23706900
119,140,0.0054386947132687566,0,microsoft,0.1047753462433178,0.059401787571822094,0.02637404903762326,281,29.441872294372303,126.23,126.33,125.39,125.71,15293300
120,141,0.006045660647522115,0,microsoft,0.08288254639417432,0.062019036097258604,0.06129916445206252,215,17.81974747474748,125.43,127.03,125.33,126.47,15396500
121,142,-0.01170238001106985,-1,microsoft,0.25689250194250207,0.05829163391982178,0.08892667991678731,325,83.49006313131318,125.01,125.1,123.57,124.99,23603800
122,143,0.000480038403072264,0,microsoft,0.29234193183677687,0.08357422121380022,0.14818346485999806,485,141.7858369408368,125.72,126.22,124.79,125.05,14123400
123,147,0.0,0,microsoft,0.07355694900337759,0.105270332345253,0.0,182,13.38736471861472,125.79,126.8,124.86,124.97,23128400
124,148,-0.009682323757701798,0,microsoft,0.07779047957439919,0.10081056131097585,0.02451898300112586,199,15.48030543530544,124.2,124.21,122.87,123.76,22763100
125,149,0.006383322559793084,0,microsoft,0.08810016007384426,0.1000831231938651,0.05044914285925892,247,21.760739538239534,124.08,124.58,123.61,124.55,16829600
126,150,-0.016298675230831002,-1,microsoft,0.10754335908642135,0.07596993149834255,0.07981586288387368,209,22.47656204906206,123.06,123.45,122.16,122.52,26646800
127,153,0.0,0,microsoft,0.14105350713642797,0.04957013539114891,0.03584778636214045,202,28.492808441558452,122.69,123.2,117.89,118.71,37983600
128,154,0.027714598601634288,1,microsoft,0.1641233945234991,0.06972063641063862,0.04701783571214266,239,39.225491291116285,120.14,122.12,119.52,122.0,29382600
129,155,0.02172131147540988,1,microsoft,0.10642460874603733,0.08265870005637026,0.10172563388664235,259,27.56397366522367,123.77,124.69,123.04,124.65,24926100
130,156,0.015804251905334927,1,microsoft,0.12380778172444841,0.08674928993803285,0.13720050346865478,234,28.97102092352093,125.25,126.77,124.42,126.62,21459000
131,157,0.02795766861475274,1,microsoft,0.09242705848573199,0.09185037874526202,0.13145192833132827,196,18.11570346320347,127.98,131.01,127.05,130.16,33885600
132,160,0.0,0,microsoft,0.11886667345000689,0.08969090723087783,0.030809019495243995,507,60.26540343915349,131.15,132.82,130.76,131.35,26477100
133,161,-0.0037304910544345695,0,microsoft,0.10523734606075875,0.0865213595613891,0.039622224483335626,189,19.889858405483405,132.62,132.98,130.05,130.86,23913700
134,162,-0.004661470273574916,0,microsoft,0.11264992646242646,0.07810906692385476,0.07470133983692188,260,29.288980880230877,130.16,130.73,129.48,130.25,17084700
135,163,0.006372360844529847,0,microsoft,0.09355761236118376,0.07899839802619606,0.11225131532439736,210,19.64709859584859,130.74,131.75,130.32,131.08,17200800
136,164,0.0009154714678057378,0,microsoft,0.1583008501613993,0.0746769452600154,0.10381496162812298,173,27.38604707792208,131.02,132.53,130.4,131.2,17821700
137,167,0.0,0,microsoft,0.09267228665813573,0.08408748692796787,0.05276695005379977,159,14.73489357864358,131.38,132.47,131.28,131.6,14517800
138,168,0.017401215805471066,1,microsoft,0.10062531754412089,0.08034543167198628,0.030890762219378576,234,23.54632430532429,132.93,133.97,132.31,133.89,25934500
139,169,0.003883785196803423,0,microsoft,0.1087571260466669,0.07968657045532372,0.06443253473408554,196,21.316396705146712,133.73,134.65,132.55,134.41,23744400
140,170,0.009299903281005878,0,microsoft,0.14171708972845334,0.07913045611021521,0.10068491008297449,220,31.177759740259734,136.16,136.37,134.44,135.66,33042600
141,171,0.00014742739200951079,0,microsoft,0.09921034401862623,0.0860103814483966,0.11703317777308038,163,16.171286075036075,135.3,136.43,135.18,135.68,36727900
142,175,0.0,0,microsoft,0.10045833980096922,0.0643299824768382,0.0,251,25.215043290043273,135.96,136.3,131.48,132.18,33327400
143,176,0.0037070661219547637,0,microsoft,0.09356188614253132,0.0643061285135308,0.03348611326698974,155,14.502092352092355,133.09,134.46,132.34,132.67,23657700
144,177,0.0016582497927187675,0,microsoft,0.05471577975211697,0.06213537995579716,0.06467340864783351,258,14.116671176046179,132.88,133.44,132.25,132.89,16557500
145,178,-0.0014297539318232956,0,microsoft,0.07054412525879916,0.04970662138774911,0.08291200189853917,184,12.980119047619045,133.3,133.33,131.91,132.7,30043000
146,181,0.0,0,microsoft,0.14968347205666047,0.045611447279202376,0.023514708419599722,207,30.984478715728716,135.35,135.41,133.7,134.4,22654200
147,182,0.0066964285714286136,0,microsoft,0.1215823915363389,0.06699480043015386,0.04989449068555349,190,23.100654391904392,134.84,135.31,134.07,135.3,15237800
148,183,0.006430155210642838,0,microsoft,0.09012988942133328,0.07001252210663526,0.09042195453099978,187,16.854289321789324,135.51,136.44,135.01,136.17,13629300
149,185,0.0,0,microsoft,0.07845277131657731,0.06170569689616169,0.07057076031922406,134,10.51267135642136,134.66,136.04,134.44,135.77,18141100
150,188,0.0,0,microsoft,0.07094992524209394,0.06283550347584428,0.026150923772192438,166,11.777687590187593,135.12,135.81,134.1,135.67,16779700
151,189,-0.003611704872116022,0,microsoft,0.0667959239387811,0.05158785393090621,0.02364997508069798,259,17.300144300144304,134.72,135.68,134.52,135.18,19953100
152,191,0.0,0,microsoft,0.13841097945264613,0.030885517213921767,0.04591528306029168,234,32.3881691919192,136.9,137.91,136.57,137.1,22327900
153,192,0.0035740335521517804,0,microsoft,0.06859639216992156,0.05065851427858549,0.06840230113047574,170,11.661386668886665,137.54,137.82,136.71,137.59,18936800
154,195,0.0,0,microsoft,0.1053200589429403,0.04925046011477753,0.022865464056640517,177,18.641650432900434,138.13,138.23,137.16,137.59,16651500
155,196,-0.013082346100734147,-1,microsoft,0.08394688576000457,0.05416047921489844,0.035106686314313434,202,16.957270923520923,137.65,137.74,135.24,135.79,22726100
156,197,-0.005891450033139282,0,microsoft,0.10459517384141846,0.05661061661793037,0.06308898156764829,233,24.370675505050503,136.4,136.63,134.94,134.99,20211000
157,198,0.0011111934217347748,0,microsoft,0.13899980884180316,0.07155278430956158,0.09795403951478777,356,49.483931947681924,134.28,135.34,133.4,135.14,30808700
158,199,0.0014799467219181372,0,microsoft,0.13009036796536796,0.07163690279372685,0.10918062281440873,160,20.814458874458875,138.9,139.35,135.17,135.34,48992400
159,202,0.0,0,microsoft,0.06409439859206216,0.08042175647879064,0.043363455988455986,214,13.716201298701302,136.12,137.88,136.04,137.13,25074900
160,203,0.006198497775833109,0,microsoft,0.0658183648855291,0.07453237642866518,0.021364799530687387,201,13.229491341991348,138.45,138.67,136.73,137.98,18034600
161,204,0.010291346571967067,1,microsoft,0.0682142857142857,0.07194258773231155,0.04330425449253042,174,11.869285714285711,137.59,139.42,137.54,139.4,20738300
162,205,-0.0038020086083213854,0,microsoft,0.07754153426360873,0.06674531799986402,0.06604234973062566,188,14.57780844155844,139.11,139.29,138.01,138.87,18356900
163,206,0.008209116439835719,0,microsoft,0.1033549880352206,0.05796556448869339,0.07052472828780786,172,17.777057942057944,139.05,140.35,138.98,140.01,19037600
164,209,0.0,0,microsoft,0.12836359524183363,0.05414622449867233,0.034451662678406866,193,24.77417388167389,140.17,140.18,138.06,139.7,16605900
165,210,-0.004795991410164549,0,microsoft,0.09235902404750572,0.06332753830578254,0.04278786508061121,191,17.640573593073594,138.82,139.89,138.49,139.03,16846500
166,211,-0.02905847658778675,-1,microsoft,0.1325929537464773,0.06711906104320776,0.07357420642977978,149,19.756350108225117,139.01,139.17,133.81,134.99,38598800
167,212,0.013112082376472196,1,microsoft,0.09707049306625579,0.07631601361923514,0.11777185767860554,236,22.908636363636365,135.71,139.61,135.64,136.76,40557500
168,213,-0.008408891488739231,0,microsoft,0.1096910542109406,0.07910586487675615,0.10734082362007961,220,24.13203192640693,136.79,137.02,133.99,135.61,30791600
169,216,0.0,0,microsoft,0.17095617335941568,0.0800110171875733,0.0365636847369802,239,40.85852543290035,132.05,132.67,129.55,130.97,42749600
170,217,0.018706574024585695,1,microsoft,0.09658155860742067,0.08609567120437071,0.056985391119805225,232,22.406921596921595,132.54,134.4,131.96,133.42,32696700
171,218,0.0044221256183481,0,microsoft,0.09660144300144304,0.08669889042721571,0.08917924398894544,300,28.98043290043291,132.53,134.37,130.59,134.01,33414500
172,219,0.0266398029997763,1,microsoft,0.09757753109708417,0.08155724603506798,0.12137972498942647,179,17.466378066378066,135.32,137.68,134.65,137.58,27496500
173,220,-0.008504143044047214,0,microsoft,0.08570520388702209,0.08162968003947202,0.09692017756864929,143,12.255844155844159,137.31,138.07,135.18,136.41,23466700
174,223,0.0,0,microsoft,0.06587391307598567,0.07820312999319794,0.02856840129567403,193,12.713665223665233,135.78,136.56,133.97,134.51,20476600
175,224,0.020741952271206756,1,microsoft,0.11952367356261825,0.06319137852413652,0.021957971025328555,199,23.785211038961034,134.77,137.49,133.73,137.3,25154600
176,225,-0.030152949745083864,-1,microsoft,0.09240908671431926,0.06646882351773617,0.06179919554620131,215,19.86795364357864,135.53,136.08,132.85,133.16,32527300
177,226,-0.0022529288074495564,0,microsoft,0.0559275037743246,0.06586991547671849,0.0926022244509744,173,9.675458152958155,133.57,133.76,131.44,132.86,28074400
178,227,0.01836519644738821,1,microsoft,0.08977507831674501,0.05991991157346712,0.08928675468375404,156,14.004912217412222,134.06,135.63,133.9,135.3,24449100
179,230,0.0,0,microsoft,0.05160326118326122,0.06050132220628468,0.029925026105581672,250,12.900815295815306,137.01,137.7,136.05,137.56,24355700
180,231,-0.008287292817679665,0,microsoft,0.16047426981454754,0.05846265765018118,0.017201087061087073,216,34.66244227994227,137.37,137.86,136.4,136.42,21170800
181,232,0.011142061281337124,1,microsoft,0.11986405847874923,0.06431274282902823,0.07069251033260292,194,23.25362734487735,137.7,138.64,137.16,137.94,14970300
182,233,-0.007249528780629259,0,microsoft,0.09796154277978258,0.06823488165251822,0.11064719649218598,196,19.200462384837387,137.81,138.35,135.46,136.94,18697000
183,234,-0.03183876150138736,-1,microsoft,0.1305587319738263,0.07423974436758365,0.1260999570243598,159,20.758838383838384,136.35,137.51,131.99,132.58,38508600
184,237,0.0,0,microsoft,0.06115997223592164,0.08006598060430956,0.04351957732460877,158,9.66327561327562,134.17,134.73,133.08,134.62,20312600
185,238,0.0021542118555934633,0,microsoft,0.10232370030694772,0.0814312250404039,0.02038665741197388,194,19.850797859547857,135.56,135.89,133.84,134.91,23102100
186,239,-0.0013342228152101907,0,microsoft,0.10427064635906098,0.0731240008250325,0.05449455751428978,205,21.3754825036075,134.06,134.93,132.73,134.73,17393300
187,240,0.018926742373636247,1,microsoft,0.08099256332690072,0.07089637052221989,0.08925143963397679,166,13.44476551226552,136.41,137.59,136.07,137.28,20168700
188,241,-0.0018939393939393276,0,microsoft,0.12851475279106858,0.06847223060037963,0.0958623033309698,152,19.534242424242425,138.3,138.33,135.44,137.02,23940100
189,245,0.0,0,microsoft,0.12130837596746692,0.05944309468342542,0.0,165,20.015882034632043,135.78,136.36,134.87,135.21,18869300
190,246,0.011685526218474846,1,microsoft,0.10224674884735858,0.06215519120635675,0.040436125322488976,205,20.96058351370851,136.46,136.85,135.65,136.79,17995900
191,247,0.01754514218875653,1,microsoft,0.07856302360093835,0.061866062990399255,0.07451837493827516,211,16.57679797979799,138.26,139.52,137.91,139.19,26101800
192,248,-0.006753358718298712,0,microsoft,0.07848742721972181,0.061518985886690344,0.10070604947192129,353,27.7060618085618,139.17,139.32,137.36,138.25,20824500
193,251,0.0,0,microsoft,0.09562173239937057,0.05437222509078366,0.02616247573990727,199,19.028724747474744,138.74,138.9,135.63,136.68,25773900
194,252,-0.010462393912789046,-1,microsoft,0.06458731488685406,0.06803247257640803,0.03187391079979019,217,14.01544733044733,135.96,136.05,133.69,135.25,28903400
195,253,0.0002957486136783145,0,microsoft,0.10296820511664258,0.0599294638506062,0.053403015762074874,192,19.769895382395376,135.08,135.44,134.27,135.29,24726100
196,254,0.010274225737305158,1,microsoft,0.11240327893381874,0.06003252903193248,0.08772575080095574,176,19.7829770923521,137.01,137.57,136.03,136.68,27010000
197,255,-0.0014632718759146697,0,microsoft,0.13975657675657677,0.06486685122234395,0.09331959964577179,195,27.25253246753247,136.94,137.22,135.74,136.48,23363100
198,258,0.0,0,microsoft,0.09560484697058773,0.0736195868704661,0.04658552558552559,162,15.487985209235212,135.0,135.87,134.83,135.5,16731400
199,259,0.007749077490774992,0,microsoft,0.04270426352359124,0.07361717466635427,0.03186828232352924,238,10.163614718614715,136.12,136.68,135.6,136.55,17814200
200,260,0.008202123764188766,0,microsoft,0.18331204169979676,0.07049102447160244,0.04610303683139299,245,44.911450216450206,136.52,137.82,135.7,137.67,23982100
201,261,0.018449916466913786,1,microsoft,0.13979502007031774,0.08196871541205304,0.10720705073132525,252,35.22834505772007,139.44,141.5,139.21,140.21,35772100
202,262,-0.011554097425290667,-1,microsoft,0.14753790769415767,0.08588182128869574,0.12193710843123524,156,23.015913600288595,140.15,140.79,137.41,138.59,39167300
203,265,0.0,0,microsoft,0.1496232974713987,0.08699343999406443,0.049179302564719224,237,35.46072150072149,138.38,138.78,137.59,138.29,17139300
204,266,-0.012654566490707933,-1,microsoft,0.1798360849982189,0.0947103614941803,0.049874432490466226,239,42.98082431457432,139.5,139.83,136.04,136.54,29773200
205,267,0.014428006444997796,1,microsoft,0.13298732657030068,0.11430062170484138,0.1098197941565392,232,30.85305976430976,136.66,139.11,135.2,138.51,21382000
206,268,0.0012995451591943314,0,microsoft,0.17239547687761972,0.10711137668634195,0.15414890301330608,210,36.20305014430014,138.59,139.32,137.59,138.69,17456600
207,269,-0.012978585334198654,-1,microsoft,0.13523555437617946,0.1117685848016708,0.16173962948204643,208,28.128995310245326,139.29,139.5,135.82,136.89,22477700
208,272,0.0,0,microsoft,0.09718663189478165,0.11001110575624536,0.04507851812539315,227,22.061365440115434,137.21,138.37,136.94,138.18,17280900
